{
    "value0": {
        "T_imu_cam": [
            {
                "px": 0.0106987208127975,
                "py": 1.76832327269949e-06,
                "pz": -0.000165450415806845,
                "qx": 0.00773151,
                "qy": 0.000822477,
                "qz": 0.99997,
                "qw": -8.89937e-05
            },
            {
                "px": -0.053297720849514,
                "py": -4.90879610879347e-05,
                "pz": 0.000559697102289647,
                "qx": 0.0059334,
                "qy": 0.000137131,
                "qz": 0.999979,
                "qw": 0.00271808
            }
        ],
        "intrinsics": [
            {
                "camera_type": "kb4",
                "intrinsics": {
                    "fx": 286.710601806641,
                    "fy": 286.735687255859,
                    "cx": 419.24951171875,
                    "cy": 391.344299316406,
                    "k1": -0.0116937598213553,
                    "k2": 0.0491171404719353,
                    "k3": -0.0454551205039024,
                    "k4": 0.00851823575794697
                }
            },
            {
                "camera_type": "kb4",
                "intrinsics": {
                    "fx": 286.937805175781,
                    "fy": 287,
                    "cx": 427.615600585938,
                    "cy": 385.521789550781,
                    "k1": -0.0130848698318005,
                    "k2": 0.0536057092249393,
                    "k3": -0.0503169000148773,
                    "k4": 0.0101554896682501
                }
            }
        ],
        "resolution": [
            [
                848,
                800
            ],
            [
                848,
                800
            ]
        ],
        "calib_accel_bias": [
            -0.17671209249012138,
            -0.22341474366964263,
            -0.4321766463319609,
            0.0,
            0.0,
            0.0,
            0.0,
            0.0,
            0.0
        ],
        "calib_gyro_bias": [
            0.00023404353204645875,
            -0.0022795193613501555,
            -0.002040331685755372,
            0.0,
            0.0,
            0.0,
            0.0,
            0.0,
            0.0,
            0.0,
            0.0,
            0.0
        ],
        "imu_update_rate": 199.5755638458226,
        "accel_noise_std": [
            0.020680365033015976,
            0.020680365033015976,
            0.020680365033015976
        ],
        "gyro_noise_std": [
            0.002343999478247856,
            0.002343999478247856,
            0.002343999478247856
        ],
        "accel_bias_std": [
            0.00044590141297406663,
            0.00044590141297406663,
            0.00044590141297406663
        ],
        "gyro_bias_std": [
            0.000014741360221447005,
            0.000014741360221447005,
            0.000014741360221447005
        ],
        "cam_time_offset_ns": 0,
        "vignette": []
    }
}