{
    "value0": {
        "T_imu_cam": [
            {
                "px": 0.015743278723475756,
                "py": 0.00002641866008043805,
                "pz": 0.01738255484814849,
                "qx": 0.00980186354997634,
                "qy": 0.0006652218139000713,
                "qz": 0.9999516837403631,
                "qw": -0.0003333702127097303
            },
            {
                "px": -0.04811960598220794,
                "py": -0.00007037282444480786,
                "pz": 0.018373406377827325,
                "qx": 0.007665516385143607,
                "qy": -0.00010722217377499946,
                "qz": 0.9999677310460031,
                "qw": 0.002401089057712012
            }
        ],
        "intrinsics": [
            {
                "camera_type": "ds",
                "intrinsics": {
                    "fx": 284.7866331338767,
                    "fy": 284.8019004388638,
                    "cx": 418.0458030679698,
                    "cy": 390.95540682368405,
                    "xi": -1.759438237525919e-11,
                    "alpha": 0.652312700253458
                }
            },
            {
                "camera_type": "ds",
                "intrinsics": {
                    "fx": 285.01663603011499,
                    "fy": 285.10170696956888,
                    "cx": 426.70396867554646,
                    "cy": 385.183724505731,
                    "xi": 5.156980408484197e-9,
                    "alpha": 0.6544788729058744
                }
            }
        ],
        "resolution": [
            [
                848,
                800
            ],
            [
                848,
                800
            ]
        ],
        "calib_accel_bias": [
            0.0,
            0.0,
            0.0,
            0.0,
            0.0,
            0.0,
            0.0,
            0.0,
            0.0
        ],
        "calib_gyro_bias": [
            0.0,
            0.0,
            0.0,
            0.0,
            0.0,
            0.0,
            0.0,
            0.0,
            0.0,
            0.0,
            0.0,
            0.0
        ],
        "imu_update_rate": 199.88854854176686,
        "accel_noise_std": [
            2.0000e-3,
            2.0000e-3,
            2.0000e-3
        ],
        "gyro_noise_std": [
            1.6968e-04,
            1.6968e-04,
            1.6968e-04
        ],
        "accel_bias_std": [
            3.0000e-03,
            3.0000e-03,
            3.0000e-03
        ],
        "gyro_bias_std": [
            1.9393e-05,
            1.9393e-05,
            1.9393e-05
        ],
        "cam_time_offset_ns": 0,
        "vignette": []
    }
}